state,state_name,month,month_name,high_recent,low_recent,precip_recent,high_normal,low_normal,precip_normal,high_change,years_recent,years_normal,proxy_for
AK,Alaska,1,Jan,14.7,2.2,3.47,10.7,-2.4,2.82,4.0,5,30,
AK,Alaska,2,Feb,14.7,0.5,2.52,16.2,1.2,2.39,-1.5,5,30,
AK,Alaska,3,Mar,22.6,5.6,2.36,21.2,3.5,2.11,1.4,5,30,
AK,Alaska,4,Apr,33.0,15.2,1.88,35.0,17.4,1.9,-1.9,5,30,
AK,Alaska,5,May,47.8,31.1,2.45,48.9,31.2,2.12,-1.2,5,30,
AK,Alaska,6,Jun,60.3,42.5,2.14,59.9,41.9,2.42,0.4,5,30,
AK,Alaska,7,Jul,61.8,46.6,3.85,62.3,45.9,3.48,-0.5,5,30,
AK,Alaska,8,Aug,57.5,44.0,5.17,57.9,42.8,4.57,-0.4,5,30,
AK,Alaska,9,Sep,47.7,35.1,5.03,48.3,34.5,4.96,-0.6,5,30,
AK,Alaska,10,Oct,34.4,23.1,4.7,33.2,21.1,4.23,1.2,5,30,
AK,Alaska,11,Nov,20.1,8.6,3.14,19.4,7.3,3.5,0.8,5,30,
AK,Alaska,12,Dec,12.7,-0.1,3.34,13.2,0.7,3.14,-0.6,5,30,
AL,Alabama,1,Jan,56.2,33.9,5.28,56.1,34.5,5.29,0.1,5,30,
AL,Alabama,2,Feb,63.7,39.8,4.59,60.7,37.9,5.17,3.0,5,30,
AL,Alabama,3,Mar,71.1,45.8,6.53,68.4,43.9,5.38,2.7,5,30,
AL,Alabama,4,Apr,76.2,51.2,5.23,75.8,50.3,4.89,0.5,5,30,
AL,Alabama,5,May,82.7,61.0,5.88,82.8,59.1,4.18,-0.1,5,30,
AL,Alabama,6,Jun,89.0,67.5,5.61,88.4,66.8,4.92,0.7,5,30,
AL,Alabama,7,Jul,91.0,71.3,5.75,90.7,69.9,5.17,0.2,5,30,
AL,Alabama,8,Aug,90.4,69.8,4.65,90.2,69.1,4.55,0.2,5,30,
AL,Alabama,9,Sep,85.9,64.0,3.51,86.0,63.6,4.07,-0.0,5,30,
AL,Alabama,10,Oct,77.8,52.7,2.4,76.7,52.2,3.5,1.1,5,30,
AL,Alabama,11,Nov,68.0,43.7,2.9,66.2,41.6,4.29,1.7,5,30,
AL,Alabama,12,Dec,61.0,39.5,4.18,58.4,37.0,5.46,2.6,5,30,
AR,Arkansas,1,Jan,49.8,29.7,5.02,50.0,30.5,3.82,-0.2,5,30,
AR,Arkansas,2,Feb,54.9,33.7,3.85,54.8,33.9,3.98,0.2,5,30,
AR,Arkansas,3,Mar,66.7,42.4,5.58,63.4,40.9,5.01,3.3,5,30,
AR,Arkansas,4,Apr,72.6,49.9,6.56,72.4,49.3,5.44,0.1,5,30,
AR,Arkansas,5,May,80.0,59.6,6.34,79.9,58.5,5.45,0.2,5,30,
AR,Arkansas,6,Jun,88.3,67.4,4.15,87.4,66.7,3.94,0.9,5,30,
AR,Arkansas,7,Jul,91.6,71.1,4.23,91.0,70.0,3.9,0.6,5,30,
AR,Arkansas,8,Aug,91.1,69.6,3.1,90.6,68.7,3.58,0.5,5,30,
AR,Arkansas,9,Sep,86.3,62.3,2.63,84.5,61.5,3.68,1.8,5,30,
AR,Arkansas,10,Oct,77.2,51.7,3.3,73.9,49.7,4.31,3.3,5,30,
AR,Arkansas,11,Nov,63.7,41.4,3.55,61.6,40.0,4.55,2.1,5,30,
AR,Arkansas,12,Dec,56.4,37.0,3.78,52.3,32.9,4.81,4.1,5,30,
AZ,Arizona,1,Jan,54.6,28.9,1.06,55.7,30.6,1.18,-1.2,5,30,
AZ,Arizona,2,Feb,60.0,32.2,0.74,59.3,33.2,1.21,0.6,5,30,
AZ,Arizona,3,Mar,63.7,36.4,1.2,66.3,38.0,0.99,-2.6,5,30,
AZ,Arizona,4,Apr,75.2,43.3,0.23,73.5,43.1,0.41,1.7,5,30,
AZ,Arizona,5,May,83.7,51.1,0.19,82.6,50.8,0.34,1.0,5,30,
AZ,Arizona,6,Jun,94.2,61.9,0.43,93.0,59.9,0.21,1.2,5,30,
AZ,Arizona,7,Jul,97.3,68.7,1.73,95.2,66.8,1.62,2.1,5,30,
AZ,Arizona,8,Aug,94.0,67.1,1.99,93.2,65.8,1.92,0.9,5,30,
AZ,Arizona,9,Sep,89.2,60.7,1.19,87.9,59.2,1.15,1.2,5,30,
AZ,Arizona,10,Oct,78.3,48.9,0.83,77.1,47.7,0.81,1.2,5,30,
AZ,Arizona,11,Nov,65.7,37.5,0.58,64.8,37.1,0.74,0.9,5,30,
AZ,Arizona,12,Dec,59.5,33.2,0.9,54.8,29.9,1.08,4.7,5,30,
CA,California,1,Jan,55.1,34.8,3.58,54.6,35.0,4.13,0.5,5,30,
CA,California,2,Feb,57.6,35.4,3.34,57.3,36.4,3.88,0.3,5,30,
CA,California,3,Mar,59.8,37.6,3.64,62.3,39.3,3.25,-2.4,5,30,
CA,California,4,Apr,69.4,43.0,0.92,67.6,42.6,1.7,1.7,5,30,
CA,California,5,May,77.0,49.6,0.5,75.6,49.0,1.0,1.4,5,30,
CA,California,6,Jun,86.6,57.5,0.21,84.5,55.5,0.34,2.1,5,30,
CA,California,7,Jul,93.4,63.8,0.14,90.9,61.4,0.18,2.5,5,30,
CA,California,8,Aug,91.4,62.4,0.36,90.4,60.6,0.17,1.0,5,30,
CA,California,9,Sep,85.3,57.9,0.54,85.2,55.9,0.29,0.0,5,30,
CA,California,10,Oct,74.9,48.9,1.27,74.4,47.7,1.15,0.5,5,30,
CA,California,11,Nov,62.2,40.2,2.49,62.0,39.6,2.17,0.2,5,30,
CA,California,12,Dec,56.1,37.3,4.97,53.7,34.2,4.0,2.4,5,30,
CO,Colorado,1,Jan,36.5,12.3,1.05,38.9,13.7,1.07,-2.4,5,30,
CO,Colorado,2,Feb,40.3,14.4,1.14,41.8,16.2,1.09,-1.4,5,30,
CO,Colorado,3,Mar,48.7,22.0,1.71,50.7,23.4,1.37,-2.0,5,30,
CO,Colorado,4,Apr,58.3,28.8,1.06,57.5,29.7,1.82,0.8,5,30,
CO,Colorado,5,May,67.0,38.8,2.23,67.0,38.9,1.96,-0.0,5,30,
CO,Colorado,6,Jun,79.3,49.2,1.77,78.3,47.6,1.45,1.0,5,30,
CO,Colorado,7,Jul,84.6,54.2,1.95,83.5,53.6,2.12,1.1,5,30,
CO,Colorado,8,Aug,82.4,52.9,2.04,80.9,51.9,2.08,1.5,5,30,
CO,Colorado,9,Sep,76.8,45.8,1.29,73.6,44.2,1.49,3.1,5,30,
CO,Colorado,10,Oct,63.8,34.4,1.26,61.1,32.6,1.42,2.7,5,30,
CO,Colorado,11,Nov,50.1,23.2,0.97,48.2,22.2,1.08,1.9,5,30,
CO,Colorado,12,Dec,44.0,18.3,1.1,38.7,14.2,1.06,5.3,5,30,
CT,Connecticut,1,Jan,37.3,21.8,3.84,36.0,18.5,3.57,1.3,5,30,
CT,Connecticut,2,Feb,40.1,21.9,2.61,38.7,20.0,3.06,1.3,5,30,
CT,Connecticut,3,Mar,50.1,30.1,4.35,46.6,27.1,4.17,3.5,5,30,
CT,Connecticut,4,Apr,59.9,38.0,4.02,58.8,36.5,4.16,1.1,5,30,
CT,Connecticut,5,May,70.1,48.1,4.8,69.5,46.6,3.77,0.6,5,30,
CT,Connecticut,6,Jun,78.8,57.1,2.84,77.7,56.0,4.39,1.1,5,30,
CT,Connecticut,7,Jul,83.8,64.0,6.26,82.9,61.8,4.04,0.9,5,30,
CT,Connecticut,8,Aug,81.2,60.9,4.29,81.0,60.1,4.17,0.2,5,30,
CT,Connecticut,9,Sep,74.3,54.3,5.8,73.9,52.9,4.41,0.4,5,30,
CT,Connecticut,10,Oct,65.0,44.0,3.97,62.5,41.7,4.77,2.5,5,30,
CT,Connecticut,11,Nov,52.4,32.6,2.4,51.1,32.6,3.87,1.4,5,30,
CT,Connecticut,12,Dec,42.2,25.5,4.9,40.9,24.4,4.37,1.2,5,30,
DC,District of Columbia,1,Jan,43.1,26.6,3.1,42.5,25.3,3.19,0.5,5,30,MD
DC,District of Columbia,2,Feb,48.0,28.9,2.69,45.7,26.7,2.76,2.4,5,30,MD
DC,District of Columbia,3,Mar,58.4,36.2,3.35,53.8,33.4,3.96,4.5,5,30,MD
DC,District of Columbia,4,Apr,67.1,44.5,3.43,65.6,42.9,3.52,1.6,5,30,MD
DC,District of Columbia,5,May,74.1,53.2,4.48,74.3,52.6,4.03,-0.1,5,30,MD
DC,District of Columbia,6,Jun,83.3,62.0,3.39,82.5,61.7,4.21,0.8,5,30,MD
DC,District of Columbia,7,Jul,88.1,68.5,4.73,86.8,66.5,4.4,1.3,5,30,MD
DC,District of Columbia,8,Aug,85.0,65.2,3.73,84.9,64.7,4.18,0.0,5,30,MD
DC,District of Columbia,9,Sep,78.7,59.1,3.82,78.4,58.1,4.35,0.3,5,30,MD
DC,District of Columbia,10,Oct,69.1,47.7,2.25,67.6,46.5,3.79,1.5,5,30,MD
DC,District of Columbia,11,Nov,57.5,36.4,2.01,56.1,36.5,3.17,1.3,5,30,MD
DC,District of Columbia,12,Dec,48.1,29.8,3.33,46.7,29.5,3.68,1.4,5,30,MD
DE,Delaware,1,Jan,44.0,27.4,3.35,43.9,26.5,3.35,0.1,5,30,
DE,Delaware,2,Feb,48.1,29.5,2.87,46.5,27.7,2.91,1.6,5,30,
DE,Delaware,3,Mar,58.1,36.8,4.31,54.2,34.3,4.12,3.9,5,30,
DE,Delaware,4,Apr,66.7,44.9,3.59,65.4,43.3,3.48,1.3,5,30,
DE,Delaware,5,May,74.0,53.9,3.51,74.2,53.0,3.58,-0.2,5,30,
DE,Delaware,6,Jun,83.5,62.8,3.32,82.7,62.4,4.09,0.8,5,30,
DE,Delaware,7,Jul,87.8,69.5,5.58,87.3,67.5,4.42,0.5,5,30,
DE,Delaware,8,Aug,84.8,66.0,3.0,85.3,65.6,4.69,-0.5,5,30,
DE,Delaware,9,Sep,78.8,60.1,3.22,79.0,59.1,4.22,-0.1,5,30,
DE,Delaware,10,Oct,69.6,48.6,2.4,68.5,47.6,3.94,1.1,5,30,
DE,Delaware,11,Nov,58.2,37.1,1.94,57.4,37.6,3.27,0.9,5,30,
DE,Delaware,12,Dec,48.9,30.5,3.77,48.3,30.7,3.85,0.5,5,30,
FL,Florida,1,Jan,69.3,46.9,2.42,69.5,47.0,3.28,-0.2,5,30,
FL,Florida,2,Feb,75.4,52.8,2.4,72.6,49.8,2.92,2.8,5,30,
FL,Florida,3,Mar,79.4,56.4,3.28,77.0,53.8,3.45,2.3,5,30,
FL,Florida,4,Apr,83.1,60.3,3.23,82.1,58.7,3.1,1.0,5,30,
FL,Florida,5,May,88.6,66.9,3.88,87.5,65.0,3.67,1.1,5,30,
FL,Florida,6,Jun,91.1,72.1,7.55,90.4,70.9,7.66,0.7,5,30,
FL,Florida,7,Jul,92.4,74.5,7.36,91.6,72.9,7.19,0.8,5,30,
FL,Florida,8,Aug,92.3,74.6,7.49,91.3,73.1,7.62,1.1,5,30,
FL,Florida,9,Sep,89.2,71.4,7.32,89.0,71.0,6.53,0.3,5,30,
FL,Florida,10,Oct,83.8,63.7,3.28,83.6,63.8,3.67,0.1,5,30,
FL,Florida,11,Nov,77.4,56.6,2.43,76.6,55.0,2.44,0.8,5,30,
FL,Florida,12,Dec,72.9,52.0,2.57,71.5,50.0,2.88,1.4,5,30,
GA,Georgia,1,Jan,57.9,35.0,4.73,57.8,35.6,4.47,0.1,5,30,
GA,Georgia,2,Feb,65.5,41.2,4.02,61.9,38.6,4.27,3.6,5,30,
GA,Georgia,3,Mar,71.9,46.4,5.0,69.0,44.4,4.63,2.9,5,30,
GA,Georgia,4,Apr,77.5,51.1,4.0,76.4,50.6,3.77,1.0,5,30,
GA,Georgia,5,May,83.0,60.3,4.61,83.4,59.2,3.29,-0.4,5,30,
GA,Georgia,6,Jun,89.3,67.2,4.61,88.6,66.8,4.96,0.7,5,30,
GA,Georgia,7,Jul,91.4,71.3,5.87,91.0,70.0,5.0,0.3,5,30,
GA,Georgia,8,Aug,89.8,70.1,6.08,89.9,69.4,4.99,-0.0,5,30,
GA,Georgia,9,Sep,85.3,63.7,4.21,85.4,64.1,4.09,-0.1,5,30,
GA,Georgia,10,Oct,77.5,52.8,2.12,76.8,53.4,3.18,0.7,5,30,
GA,Georgia,11,Nov,69.2,44.4,2.27,67.4,42.9,3.32,1.8,5,30,
GA,Georgia,12,Dec,62.0,39.6,3.58,60.0,38.0,4.41,2.1,5,30,
HI,Hawaii,1,Jan,72.1,56.9,5.3,71.4,55.4,5.11,0.8,5,30,
HI,Hawaii,2,Feb,71.0,56.1,4.63,70.9,55.2,5.1,0.1,5,30,
HI,Hawaii,3,Mar,71.7,57.3,6.12,71.0,56.0,6.85,0.7,5,30,
HI,Hawaii,4,Apr,72.3,58.2,4.74,72.2,57.3,5.01,0.1,5,30,
HI,Hawaii,5,May,73.5,59.4,4.26,73.7,58.6,4.08,-0.3,5,30,
HI,Hawaii,6,Jun,75.1,60.5,2.74,75.2,60.2,3.6,-0.1,5,30,
HI,Hawaii,7,Jul,76.6,62.1,3.38,76.3,61.3,4.64,0.3,5,30,
HI,Hawaii,8,Aug,76.9,62.1,4.24,77.0,61.9,5.17,-0.1,5,30,
HI,Hawaii,9,Sep,76.7,61.9,3.08,76.6,61.4,4.41,0.1,5,30,
HI,Hawaii,10,Oct,75.9,61.2,3.52,75.9,60.8,5.12,0.0,5,30,
HI,Hawaii,11,Nov,74.2,59.8,4.78,73.8,59.3,6.47,0.4,5,30,
HI,Hawaii,12,Dec,72.4,58.3,5.28,71.9,57.2,6.18,0.5,5,30,
IA,Iowa,1,Jan,28.8,12.0,1.21,28.1,10.9,0.97,0.7,5,30,
IA,Iowa,2,Feb,34.1,13.0,0.8,33.1,15.1,1.18,1.0,5,30,
IA,Iowa,3,Mar,50.3,28.3,2.43,46.3,26.5,1.99,4.0,5,30,
IA,Iowa,4,Apr,60.4,36.9,2.88,60.1,37.2,3.67,0.3,5,30,
IA,Iowa,5,May,72.6,49.3,4.06,71.1,48.8,4.84,1.5,5,30,
IA,Iowa,6,Jun,83.7,60.5,4.2,80.6,59.2,5.26,3.1,5,30,
IA,Iowa,7,Jul,83.7,63.0,4.84,83.8,62.9,4.17,-0.2,5,30,
IA,Iowa,8,Aug,82.7,61.0,3.55,81.7,60.3,4.13,0.9,5,30,
IA,Iowa,9,Sep,79.2,53.9,1.67,75.4,51.9,3.48,3.7,5,30,
IA,Iowa,10,Oct,66.8,42.4,2.57,62.3,39.6,2.69,4.4,5,30,
IA,Iowa,11,Nov,49.3,28.8,1.6,46.4,27.4,1.82,2.9,5,30,
IA,Iowa,12,Dec,36.5,19.3,1.33,33.2,16.7,1.37,3.3,5,30,
ID,Idaho,1,Jan,32.5,16.0,2.15,33.2,17.1,2.83,-0.7,5,30,
ID,Idaho,2,Feb,35.2,16.9,2.52,37.4,18.7,2.19,-2.2,5,30,
ID,Idaho,3,Mar,44.5,23.0,2.24,45.8,24.6,2.44,-1.4,5,30,
ID,Idaho,4,Apr,53.0,28.0,1.58,53.2,29.8,2.19,-0.2,5,30,
ID,Idaho,5,May,62.9,37.0,1.97,62.9,37.4,2.31,0.0,5,30,
ID,Idaho,6,Jun,74.5,45.5,1.32,71.2,43.7,1.79,3.3,5,30,
ID,Idaho,7,Jul,85.8,53.1,0.42,82.3,50.5,0.71,3.5,5,30,
ID,Idaho,8,Aug,81.6,51.0,1.15,81.2,49.2,0.71,0.3,5,30,
ID,Idaho,9,Sep,74.0,43.9,1.08,71.2,41.6,1.1,2.8,5,30,
ID,Idaho,10,Oct,58.4,34.1,1.81,56.2,32.3,1.86,2.2,5,30,
ID,Idaho,11,Nov,42.7,24.5,2.32,41.5,23.5,2.5,1.2,5,30,
ID,Idaho,12,Dec,36.1,20.9,3.58,32.4,16.9,3.04,3.7,5,30,
IL,Illinois,1,Jan,34.6,19.7,2.28,34.7,18.6,2.31,-0.2,5,30,
IL,Illinois,2,Feb,40.8,21.2,1.84,39.7,22.4,2.11,1.0,5,30,
IL,Illinois,3,Mar,55.7,34.2,3.7,51.3,31.5,2.94,4.4,5,30,
IL,Illinois,4,Apr,64.2,41.5,4.07,63.9,41.3,4.24,0.2,5,30,
IL,Illinois,5,May,74.8,52.9,3.77,74.1,52.4,4.77,0.7,5,30,
IL,Illinois,6,Jun,84.8,62.3,3.4,82.9,61.5,4.65,1.9,5,30,
IL,Illinois,7,Jul,85.5,65.7,5.55,85.8,65.1,4.06,-0.3,5,30,
IL,Illinois,8,Aug,84.3,63.4,3.27,84.4,62.8,3.56,-0.0,5,30,
IL,Illinois,9,Sep,80.6,56.5,2.25,78.5,55.0,3.35,2.2,5,30,
IL,Illinois,10,Oct,69.5,45.9,2.98,66.1,43.5,3.26,3.3,5,30,
IL,Illinois,11,Nov,53.4,33.5,1.89,51.3,33.0,3.08,2.1,5,30,
IL,Illinois,12,Dec,43.0,26.6,2.34,39.4,23.7,2.43,3.5,5,30,
IN,Indiana,1,Jan,35.6,21.1,2.83,35.6,19.8,2.95,-0.0,5,30,
IN,Indiana,2,Feb,42.0,22.7,2.61,40.1,22.8,2.48,1.9,5,30,
IN,Indiana,3,Mar,55.8,33.5,4.08,50.9,31.1,3.33,4.9,5,30,
IN,Indiana,4,Apr,63.9,40.8,4.38,63.5,40.6,4.39,0.3,5,30,
IN,Indiana,5,May,74.1,51.4,4.03,73.6,51.3,4.78,0.5,5,30,
IN,Indiana,6,Jun,83.5,60.6,3.81,82.0,60.5,4.8,1.5,5,30,
IN,Indiana,7,Jul,85.0,64.6,5.37,84.8,63.7,4.29,0.2,5,30,
IN,Indiana,8,Aug,83.6,62.1,3.14,83.5,61.8,3.6,0.1,5,30,
IN,Indiana,9,Sep,79.7,55.3,2.62,77.9,54.1,3.29,1.8,5,30,
IN,Indiana,10,Oct,68.7,45.1,2.87,65.8,43.2,3.33,3.0,5,30,
IN,Indiana,11,Nov,53.1,33.2,2.04,51.6,33.1,3.38,1.5,5,30,
IN,Indiana,12,Dec,43.5,27.3,2.91,40.1,24.9,3.01,3.4,5,30,
KS,Kansas,1,Jan,40.8,18.6,0.99,42.6,19.5,0.72,-1.8,5,30,
KS,Kansas,2,Feb,46.2,19.6,0.6,47.2,22.7,0.97,-1.0,5,30,
KS,Kansas,3,Mar,60.3,32.5,1.72,57.7,32.0,1.79,2.6,5,30,
KS,Kansas,4,Apr,69.2,40.6,1.84,67.1,40.7,2.68,2.1,5,30,
KS,Kansas,5,May,76.3,51.8,4.5,76.4,51.4,4.21,-0.1,5,30,
KS,Kansas,6,Jun,87.8,63.0,4.02,86.7,61.7,4.05,1.1,5,30,
KS,Kansas,7,Jul,91.4,66.4,3.47,91.5,66.5,3.86,-0.1,5,30,
KS,Kansas,8,Aug,91.1,65.3,2.76,89.5,64.7,3.51,1.6,5,30,
KS,Kansas,9,Sep,86.0,57.6,2.19,81.9,55.8,2.52,4.1,5,30,
KS,Kansas,10,Oct,73.8,45.7,1.7,69.4,43.1,2.32,4.4,5,30,
KS,Kansas,11,Nov,58.4,32.4,1.75,55.7,30.8,1.3,2.7,5,30,
KS,Kansas,12,Dec,50.0,24.8,0.68,44.4,22.0,1.07,5.6,5,30,
KY,Kentucky,1,Jan,43.0,25.4,4.95,43.5,25.4,3.74,-0.5,5,30,
KY,Kentucky,2,Feb,50.8,29.4,5.17,48.2,28.2,3.86,2.5,5,30,
KY,Kentucky,3,Mar,62.0,37.3,4.46,57.5,35.3,4.68,4.5,5,30,
KY,Kentucky,4,Apr,68.9,44.6,4.9,68.7,44.0,4.73,0.1,5,30,
KY,Kentucky,5,May,76.3,54.3,5.25,76.7,53.6,5.09,-0.5,5,30,
KY,Kentucky,6,Jun,84.8,62.1,4.13,84.1,61.9,4.72,0.8,5,30,
KY,Kentucky,7,Jul,87.7,67.4,5.99,87.0,65.8,4.86,0.6,5,30,
KY,Kentucky,8,Aug,86.0,64.6,3.67,86.3,64.2,3.62,-0.3,5,30,
KY,Kentucky,9,Sep,81.3,57.8,3.72,80.7,57.0,3.59,0.6,5,30,
KY,Kentucky,10,Oct,71.6,46.8,2.63,69.7,45.4,3.51,1.9,5,30,
KY,Kentucky,11,Nov,58.7,36.1,2.72,57.2,35.2,3.54,1.5,5,30,
KY,Kentucky,12,Dec,50.8,31.7,3.58,47.0,29.1,4.43,3.7,5,30,
LA,Louisiana,1,Jan,60.1,39.0,5.56,60.0,39.8,5.66,0.0,5,30,
LA,Louisiana,2,Feb,64.7,43.8,3.89,64.1,43.3,4.65,0.6,5,30,
LA,Louisiana,3,Mar,73.2,50.7,5.04,71.0,49.2,4.75,2.1,5,30,
LA,Louisiana,4,Apr,77.9,57.3,6.08,77.5,55.8,5.14,0.4,5,30,
LA,Louisiana,5,May,84.5,65.9,7.36,84.4,64.0,4.88,0.2,5,30,
LA,Louisiana,6,Jun,91.0,72.1,4.58,89.8,70.7,5.52,1.2,5,30,
LA,Louisiana,7,Jul,92.5,74.1,5.83,91.9,72.9,5.31,0.6,5,30,
LA,Louisiana,8,Aug,93.7,73.9,5.02,92.2,72.4,5.1,1.4,5,30,
LA,Louisiana,9,Sep,88.9,67.8,4.04,88.2,67.4,4.49,0.7,5,30,
LA,Louisiana,10,Oct,82.2,57.5,1.91,79.7,56.5,4.47,2.5,5,30,
LA,Louisiana,11,Nov,70.9,49.3,3.78,69.4,47.1,4.53,1.6,5,30,
LA,Louisiana,12,Dec,65.8,45.7,4.95,62.0,41.6,5.23,3.8,5,30,
MA,Massachusetts,1,Jan,36.3,20.6,4.16,34.8,17.1,3.67,1.5,5,30,
MA,Massachusetts,2,Feb,39.1,20.7,2.9,37.4,18.6,3.26,1.6,5,30,
MA,Massachusetts,3,Mar,48.8,28.9,4.39,45.0,25.7,4.28,3.8,5,30,
MA,Massachusetts,4,Apr,58.9,37.1,4.03,57.2,35.4,4.12,1.7,5,30,
MA,Massachusetts,5,May,69.4,47.3,4.63,68.2,45.6,3.7,1.2,5,30,
MA,Massachusetts,6,Jun,77.9,56.5,3.1,76.5,54.8,4.28,1.4,5,30,
MA,Massachusetts,7,Jul,83.0,63.1,5.72,81.9,60.6,3.83,1.1,5,30,
MA,Massachusetts,8,Aug,80.7,60.1,4.03,80.3,59.0,4.03,0.4,5,30,
MA,Massachusetts,9,Sep,73.8,53.4,5.02,73.0,51.7,4.25,0.7,5,30,
MA,Massachusetts,10,Oct,64.2,43.7,4.16,61.3,40.8,4.82,2.9,5,30,
MA,Massachusetts,11,Nov,51.6,31.8,2.55,50.1,31.8,3.92,1.6,5,30,
MA,Massachusetts,12,Dec,41.3,24.7,4.7,39.8,23.2,4.48,1.5,5,30,
MD,Maryland,1,Jan,43.1,26.6,3.1,42.5,25.3,3.19,0.5,5,30,
MD,Maryland,2,Feb,48.0,28.9,2.69,45.7,26.7,2.76,2.4,5,30,
MD,Maryland,3,Mar,58.4,36.2,3.35,53.8,33.4,3.96,4.5,5,30,
MD,Maryland,4,Apr,67.1,44.5,3.43,65.6,42.9,3.52,1.6,5,30,
MD,Maryland,5,May,74.1,53.2,4.48,74.3,52.6,4.03,-0.1,5,30,
MD,Maryland,6,Jun,83.3,62.0,3.39,82.5,61.7,4.21,0.8,5,30,
MD,Maryland,7,Jul,88.1,68.5,4.73,86.8,66.5,4.4,1.3,5,30,
MD,Maryland,8,Aug,85.0,65.2,3.73,84.9,64.7,4.18,0.0,5,30,
MD,Maryland,9,Sep,78.7,59.1,3.82,78.4,58.1,4.35,0.3,5,30,
MD,Maryland,10,Oct,69.1,47.7,2.25,67.6,46.5,3.79,1.5,5,30,
MD,Maryland,11,Nov,57.5,36.4,2.01,56.1,36.5,3.17,1.3,5,30,
MD,Maryland,12,Dec,48.1,29.8,3.33,46.7,29.5,3.68,1.4,5,30,
ME,Maine,1,Jan,26.7,10.4,3.02,24.7,5.7,3.27,2.1,5,30,
ME,Maine,2,Feb,29.4,8.9,2.42,27.9,7.1,2.78,1.5,5,30,
ME,Maine,3,Mar,39.8,20.8,3.94,37.0,16.8,3.35,2.8,5,30,
ME,Maine,4,Apr,51.6,31.0,3.51,49.6,29.0,3.71,2.0,5,30,
ME,Maine,5,May,65.2,41.1,3.57,63.2,39.8,3.68,2.0,5,30,
ME,Maine,6,Jun,73.2,51.0,4.01,72.1,49.5,4.35,1.0,5,30,
ME,Maine,7,Jul,78.4,57.3,4.52,77.2,55.4,4.03,1.3,5,30,
ME,Maine,8,Aug,76.5,55.2,4.15,76.0,53.8,3.72,0.5,5,30,
ME,Maine,9,Sep,69.8,48.0,4.04,68.0,45.8,3.73,1.8,5,30,
ME,Maine,10,Oct,59.3,39.6,4.02,54.6,36.0,4.85,4.7,5,30,
ME,Maine,11,Nov,43.3,27.5,3.17,41.9,26.3,3.98,1.5,5,30,
ME,Maine,12,Dec,32.2,16.3,4.77,30.7,14.5,4.09,1.5,5,30,
MI,Michigan,1,Jan,28.5,16.2,1.65,27.6,12.8,2.1,0.9,5,30,
MI,Michigan,2,Feb,32.1,14.4,1.62,30.6,13.3,1.65,1.5,5,30,
MI,Michigan,3,Mar,44.2,24.3,2.89,41.0,21.2,1.96,3.2,5,30,
MI,Michigan,4,Apr,54.5,33.4,3.22,53.8,31.9,3.1,0.7,5,30,
MI,Michigan,5,May,67.9,43.5,2.71,66.8,42.9,3.45,1.1,5,30,
MI,Michigan,6,Jun,77.8,54.2,3.7,76.3,52.9,3.44,1.5,5,30,
MI,Michigan,7,Jul,80.4,58.0,3.91,80.3,57.3,3.36,0.0,5,30,
MI,Michigan,8,Aug,78.8,57.1,3.55,78.4,56.2,3.31,0.4,5,30,
MI,Michigan,9,Sep,73.3,50.8,2.22,71.1,48.8,3.25,2.2,5,30,
MI,Michigan,10,Oct,61.8,41.5,3.01,57.7,38.5,3.51,4.1,5,30,
MI,Michigan,11,Nov,45.7,29.9,2.28,43.8,28.8,2.6,1.8,5,30,
MI,Michigan,12,Dec,34.9,22.2,2.36,32.8,19.6,2.17,2.1,5,30,
MN,Minnesota,1,Jan,21.0,3.9,0.59,19.2,0.9,0.77,1.8,5,30,
MN,Minnesota,2,Feb,23.8,2.7,0.67,24.8,4.5,0.77,-1.1,5,30,
MN,Minnesota,3,Mar,40.0,18.6,1.39,37.8,17.8,1.3,2.1,5,30,
MN,Minnesota,4,Apr,50.7,30.4,2.96,53.1,30.7,2.3,-2.4,5,30,
MN,Minnesota,5,May,68.8,44.4,3.33,66.6,43.0,3.48,2.2,5,30,
MN,Minnesota,6,Jun,78.8,55.0,3.78,75.9,53.6,4.46,2.9,5,30,
MN,Minnesota,7,Jul,80.8,58.3,3.06,80.1,58.0,3.97,0.8,5,30,
MN,Minnesota,8,Aug,78.6,57.0,3.44,78.1,55.5,3.54,0.5,5,30,
MN,Minnesota,9,Sep,74.2,50.9,2.11,69.8,47.4,3.12,4.4,5,30,
MN,Minnesota,10,Oct,60.1,39.2,1.94,54.9,35.2,2.53,5.2,5,30,
MN,Minnesota,11,Nov,40.6,24.2,1.32,38.0,21.6,1.34,2.7,5,30,
MN,Minnesota,12,Dec,26.5,10.7,1.54,24.5,8.4,1.0,2.0,5,30,
MO,Missouri,1,Jan,39.7,21.9,2.59,40.2,21.5,2.13,-0.5,5,30,
MO,Missouri,2,Feb,46.0,23.7,1.77,45.6,25.3,2.27,0.4,5,30,
MO,Missouri,3,Mar,60.2,36.2,3.91,56.2,34.0,3.35,4.0,5,30,
MO,Missouri,4,Apr,67.7,44.1,4.78,67.0,43.8,4.6,0.6,5,30,
MO,Missouri,5,May,75.8,54.3,4.87,75.6,53.7,5.39,0.2,5,30,
MO,Missouri,6,Jun,86.0,63.9,4.23,84.1,63.0,4.6,1.9,5,30,
MO,Missouri,7,Jul,88.4,67.6,4.77,88.2,66.9,4.29,0.2,5,30,
MO,Missouri,8,Aug,87.1,65.3,3.41,87.0,64.8,3.81,0.1,5,30,
MO,Missouri,9,Sep,82.9,58.1,2.29,79.8,56.6,3.87,3.1,5,30,
MO,Missouri,10,Oct,72.2,47.1,3.22,68.5,44.8,3.4,3.7,5,30,
MO,Missouri,11,Nov,57.7,35.3,2.58,55.0,34.4,3.25,2.7,5,30,
MO,Missouri,12,Dec,48.5,29.1,2.0,44.0,25.6,2.48,4.5,5,30,
MS,Mississippi,1,Jan,56.2,34.5,5.47,56.0,35.2,5.45,0.2,5,30,
MS,Mississippi,2,Feb,62.4,39.6,4.72,60.6,38.7,5.35,1.9,5,30,
MS,Mississippi,3,Mar,71.4,46.8,6.55,68.4,44.9,5.5,3.0,5,30,
MS,Mississippi,4,Apr,76.5,52.9,6.29,75.8,51.8,5.66,0.7,5,30,
MS,Mississippi,5,May,83.6,62.5,5.5,83.1,60.5,4.7,0.6,5,30,
MS,Mississippi,6,Jun,90.3,69.3,5.42,89.0,68.0,4.73,1.2,5,30,
MS,Mississippi,7,Jul,92.2,72.5,5.32,91.3,70.8,5.01,0.9,5,30,
MS,Mississippi,8,Aug,92.3,71.0,4.7,91.2,69.8,4.45,1.1,5,30,
MS,Mississippi,9,Sep,87.6,64.8,2.97,86.8,64.1,3.83,0.8,5,30,
MS,Mississippi,10,Oct,79.8,53.5,2.15,77.4,52.5,3.88,2.4,5,30,
MS,Mississippi,11,Nov,68.5,45.0,3.3,66.3,42.4,4.36,2.2,5,30,
MS,Mississippi,12,Dec,62.2,41.2,4.23,58.3,37.4,5.6,3.9,5,30,
MT,Montana,1,Jan,31.3,12.4,0.87,30.7,11.4,1.17,0.6,5,30,
MT,Montana,2,Feb,30.4,10.1,1.24,34.0,13.0,1.04,-3.6,5,30,
MT,Montana,3,Mar,43.7,20.7,1.04,43.9,21.0,1.26,-0.2,5,30,
MT,Montana,4,Apr,52.5,27.6,1.41,53.3,29.0,1.81,-0.8,5,30,
MT,Montana,5,May,63.7,38.5,2.66,63.1,37.8,2.64,0.6,5,30,
MT,Montana,6,Jun,74.4,46.9,2.31,71.7,45.8,2.89,2.7,5,30,
MT,Montana,7,Jul,84.6,53.5,1.29,81.7,51.6,1.53,2.9,5,30,
MT,Montana,8,Aug,81.5,51.8,1.56,80.9,49.9,1.22,0.6,5,30,
MT,Montana,9,Sep,75.0,44.8,1.13,69.9,41.5,1.39,5.1,5,30,
MT,Montana,10,Oct,58.0,33.1,1.48,54.8,30.8,1.53,3.2,5,30,
MT,Montana,11,Nov,42.0,21.9,1.13,40.6,20.6,1.26,1.4,5,30,
MT,Montana,12,Dec,33.7,14.9,1.5,31.4,12.8,1.2,2.3,5,30,
NC,North Carolina,1,Jan,51.1,30.2,4.2,51.3,30.3,3.93,-0.2,5,30,
NC,North Carolina,2,Feb,57.4,35.5,3.7,54.8,32.7,3.37,2.5,5,30,
NC,North Carolina,3,Mar,65.6,41.0,3.91,62.1,38.5,4.11,3.4,5,30,
NC,North Carolina,4,Apr,72.7,47.9,3.11,71.4,46.7,3.85,1.3,5,30,
NC,North Carolina,5,May,78.0,56.2,4.75,78.3,55.4,4.02,-0.4,5,30,
NC,North Carolina,6,Jun,85.1,63.7,3.91,84.9,63.8,4.73,0.1,5,30,
NC,North Carolina,7,Jul,88.4,69.1,6.38,88.1,67.8,5.15,0.4,5,30,
NC,North Carolina,8,Aug,85.7,66.8,5.9,86.3,66.6,5.19,-0.6,5,30,
NC,North Carolina,9,Sep,80.8,60.3,4.48,81.0,60.6,5.29,-0.2,5,30,
NC,North Carolina,10,Oct,72.2,49.1,2.08,71.9,48.8,3.67,0.2,5,30,
NC,North Carolina,11,Nov,63.5,39.6,2.1,62.0,38.6,3.58,1.5,5,30,
NC,North Carolina,12,Dec,55.8,33.8,3.61,54.1,33.1,3.88,1.6,5,30,
ND,North Dakota,1,Jan,22.0,4.1,0.26,19.9,1.0,0.47,2.1,5,30,
ND,North Dakota,2,Feb,22.8,2.1,0.29,24.4,4.8,0.47,-1.7,5,30,
ND,North Dakota,3,Mar,38.3,15.7,0.46,37.2,16.9,0.74,1.1,5,30,
ND,North Dakota,4,Apr,50.5,27.5,1.76,53.3,29.2,1.25,-2.7,5,30,
ND,North Dakota,5,May,68.1,42.2,3.3,66.3,41.0,2.72,1.8,5,30,
ND,North Dakota,6,Jun,78.7,53.2,2.93,75.5,51.8,3.48,3.2,5,30,
ND,North Dakota,7,Jul,83.0,57.6,2.27,81.5,56.5,2.97,1.4,5,30,
ND,North Dakota,8,Aug,80.7,55.6,2.26,80.9,54.1,2.17,-0.2,5,30,
ND,North Dakota,9,Sep,76.3,48.6,1.39,71.1,44.7,1.87,5.2,5,30,
ND,North Dakota,10,Oct,59.3,35.4,1.65,54.7,31.9,1.5,4.6,5,30,
ND,North Dakota,11,Nov,39.2,20.2,0.61,37.3,18.5,0.64,1.9,5,30,
ND,North Dakota,12,Dec,25.2,6.6,0.86,24.5,6.8,0.58,0.8,5,30,
NE,Nebraska,1,Jan,34.9,14.0,0.7,36.3,13.9,0.49,-1.4,5,30,
NE,Nebraska,2,Feb,38.3,13.9,0.54,40.0,16.9,0.67,-1.7,5,30,
NE,Nebraska,3,Mar,52.9,26.5,1.59,51.4,26.1,1.27,1.5,5,30,
NE,Nebraska,4,Apr,62.7,33.8,1.63,61.1,34.9,2.54,1.6,5,30,
NE,Nebraska,5,May,72.3,46.5,3.94,71.1,45.7,3.87,1.2,5,30,
NE,Nebraska,6,Jun,84.6,57.8,3.33,81.8,56.4,3.78,2.8,5,30,
NE,Nebraska,7,Jul,87.4,61.6,3.46,87.3,61.6,3.21,0.1,5,30,
NE,Nebraska,8,Aug,86.8,60.8,2.37,85.1,59.6,2.86,1.7,5,30,
NE,Nebraska,9,Sep,82.4,52.5,1.73,77.6,49.9,2.11,4.7,5,30,
NE,Nebraska,10,Oct,67.8,39.4,1.35,63.9,36.9,1.87,3.9,5,30,
NE,Nebraska,11,Nov,53.1,26.6,0.74,49.6,25.0,0.88,3.5,5,30,
NE,Nebraska,12,Dec,43.6,19.3,0.57,38.2,16.2,0.67,5.4,5,30,
NH,New Hampshire,1,Jan,30.0,14.0,3.31,28.7,9.5,3.32,1.3,5,30,
NH,New Hampshire,2,Feb,33.2,12.8,2.52,31.8,10.9,2.97,1.4,5,30,
NH,New Hampshire,3,Mar,43.3,23.0,3.98,40.3,19.4,3.59,3.0,5,30,
NH,New Hampshire,4,Apr,54.8,32.5,3.78,53.5,30.4,3.87,1.3,5,30,
NH,New Hampshire,5,May,67.4,43.3,4.16,66.0,41.4,3.92,1.4,5,30,
NH,New Hampshire,6,Jun,75.2,52.6,3.91,74.4,50.8,4.57,0.9,5,30,
NH,New Hampshire,7,Jul,80.2,58.4,6.03,79.1,56.1,4.47,1.1,5,30,
NH,New Hampshire,8,Aug,77.8,56.1,3.97,77.5,54.4,4.15,0.4,5,30,
NH,New Hampshire,9,Sep,71.2,48.8,4.0,70.0,46.8,3.96,1.2,5,30,
NH,New Hampshire,10,Oct,60.7,39.5,3.63,57.1,36.4,5.03,3.6,5,30,
NH,New Hampshire,11,Nov,46.0,27.5,2.86,44.7,27.0,3.85,1.3,5,30,
NH,New Hampshire,12,Dec,35.1,18.8,4.71,33.9,16.9,4.17,1.2,5,30,
NJ,New Jersey,1,Jan,41.2,25.3,3.17,40.3,23.2,3.49,0.9,5,30,
NJ,New Jersey,2,Feb,44.9,26.2,2.67,43.1,24.6,2.86,1.8,5,30,
NJ,New Jersey,3,Mar,55.0,33.8,4.13,50.9,31.2,4.2,4.1,5,30,
NJ,New Jersey,4,Apr,64.2,41.7,4.11,62.7,40.3,3.7,1.5,5,30,
NJ,New Jersey,5,May,72.6,51.0,4.26,72.3,50.2,3.75,0.3,5,30,
NJ,New Jersey,6,Jun,81.8,60.1,3.16,81.0,59.6,4.3,0.8,5,30,
NJ,New Jersey,7,Jul,87.4,67.4,5.06,85.7,65.1,4.71,1.7,5,30,
NJ,New Jersey,8,Aug,84.3,64.0,4.24,83.8,63.3,4.57,0.4,5,30,
NJ,New Jersey,9,Sep,77.7,58.0,4.12,77.2,56.6,4.16,0.5,5,30,
NJ,New Jersey,10,Oct,68.1,46.7,3.39,65.8,44.9,4.19,2.3,5,30,
NJ,New Jersey,11,Nov,56.1,35.2,2.2,54.7,35.5,3.36,1.3,5,30,
NJ,New Jersey,12,Dec,45.6,28.4,4.24,45.0,28.2,4.27,0.6,5,30,
NM,New Mexico,1,Jan,48.4,20.2,0.53,49.7,21.7,0.66,-1.3,5,30,
NM,New Mexico,2,Feb,54.1,23.7,0.42,54.0,25.0,0.59,0.1,5,30,
NM,New Mexico,3,Mar,60.5,30.0,0.58,61.8,30.4,0.69,-1.3,5,30,
NM,New Mexico,4,Apr,70.2,36.9,0.29,69.2,36.5,0.62,1.0,5,30,
NM,New Mexico,5,May,79.1,46.0,0.9,78.1,45.2,0.91,1.0,5,30,
NM,New Mexico,6,Jun,88.0,56.9,1.81,87.8,54.4,1.02,0.2,5,30,
NM,New Mexico,7,Jul,89.9,60.9,2.13,88.6,59.5,2.44,1.2,5,30,
NM,New Mexico,8,Aug,87.8,59.8,2.23,86.3,58.1,2.38,1.5,5,30,
NM,New Mexico,9,Sep,82.8,53.0,1.33,80.4,51.1,1.76,2.3,5,30,
NM,New Mexico,10,Oct,72.5,42.0,1.19,70.6,39.7,1.17,1.9,5,30,
NM,New Mexico,11,Nov,60.1,30.0,0.63,58.6,29.0,0.68,1.5,5,30,
NM,New Mexico,12,Dec,55.0,25.8,0.46,49.3,22.0,0.81,5.7,5,30,
NV,Nevada,1,Jan,43.2,21.9,1.07,43.5,22.1,1.19,-0.3,5,30,
NV,Nevada,2,Feb,46.6,23.6,1.03,46.9,24.5,1.09,-0.3,5,30,
NV,Nevada,3,Mar,51.3,27.8,1.32,54.6,29.7,1.09,-3.2,5,30,
NV,Nevada,4,Apr,62.5,33.7,0.51,60.7,34.0,0.98,1.8,5,30,
NV,Nevada,5,May,71.2,42.1,0.68,70.4,42.1,1.07,0.8,5,30,
NV,Nevada,6,Jun,83.9,52.4,0.32,81.3,50.0,0.57,2.7,5,30,
NV,Nevada,7,Jul,92.4,60.1,0.43,89.9,57.7,0.49,2.5,5,30,
NV,Nevada,8,Aug,88.0,57.2,0.92,88.1,55.8,0.47,-0.1,5,30,
NV,Nevada,9,Sep,80.6,49.8,0.77,79.4,47.6,0.53,1.2,5,30,
NV,Nevada,10,Oct,67.1,38.5,0.9,66.0,37.1,0.78,1.0,5,30,
NV,Nevada,11,Nov,53.1,28.3,0.67,52.3,27.6,0.79,0.8,5,30,
NV,Nevada,12,Dec,46.9,25.0,1.33,42.6,21.1,1.13,4.3,5,30,
NY,New York,1,Jan,30.6,16.3,2.93,30.2,12.9,3.05,0.4,5,30,
NY,New York,2,Feb,34.8,15.7,2.52,32.9,14.2,2.5,1.9,5,30,
NY,New York,3,Mar,45.4,24.9,2.98,41.4,21.8,3.09,4.0,5,30,
NY,New York,4,Apr,56.9,34.6,3.94,54.9,32.9,3.56,2.0,5,30,
NY,New York,5,May,67.9,45.0,3.6,67.3,44.2,3.7,0.6,5,30,
NY,New York,6,Jun,76.3,54.5,4.02,75.4,53.4,4.3,0.9,5,30,
NY,New York,7,Jul,80.8,59.7,5.11,79.7,58.3,4.14,1.1,5,30,
NY,New York,8,Aug,78.3,57.6,4.65,78.0,56.7,4.02,0.2,5,30,
NY,New York,9,Sep,71.9,51.1,3.54,71.1,49.7,4.01,0.8,5,30,
NY,New York,10,Oct,61.8,41.2,3.83,58.6,39.0,4.3,3.2,5,30,
NY,New York,11,Nov,46.8,30.0,3.16,46.2,29.6,3.39,0.6,5,30,
NY,New York,12,Dec,36.7,21.9,3.89,35.4,20.3,3.49,1.3,5,30,
OH,Ohio,1,Jan,35.6,21.9,2.87,35.8,20.3,2.9,-0.3,5,30,
OH,Ohio,2,Feb,42.0,23.5,2.76,39.5,22.3,2.46,2.5,5,30,
OH,Ohio,3,Mar,55.0,32.5,3.16,49.4,30.1,3.27,5.6,5,30,
OH,Ohio,4,Apr,63.3,40.4,3.97,62.6,39.5,3.89,0.7,5,30,
OH,Ohio,5,May,72.6,50.2,4.26,72.6,49.6,4.24,-0.0,5,30,
OH,Ohio,6,Jun,81.8,59.5,3.78,80.7,58.8,4.38,1.1,5,30,
OH,Ohio,7,Jul,84.3,63.9,4.78,84.0,62.5,4.19,0.3,5,30,
OH,Ohio,8,Aug,82.8,61.5,3.35,82.6,60.9,3.51,0.2,5,30,
OH,Ohio,9,Sep,78.1,55.0,2.73,76.6,53.6,3.3,1.5,5,30,
OH,Ohio,10,Oct,67.2,44.6,2.66,64.6,42.8,3.04,2.6,5,30,
OH,Ohio,11,Nov,52.6,33.4,2.28,51.4,33.1,2.93,1.2,5,30,
OH,Ohio,12,Dec,43.5,27.5,2.73,40.4,25.6,2.99,3.1,5,30,
OK,Oklahoma,1,Jan,49.5,25.4,1.56,50.0,26.6,1.57,-0.5,5,30,
OK,Oklahoma,2,Feb,53.3,27.7,1.39,54.6,30.3,1.69,-1.3,5,30,
OK,Oklahoma,3,Mar,66.5,39.7,2.62,63.4,38.9,2.78,3.0,5,30,
OK,Oklahoma,4,Apr,73.2,47.4,4.09,72.2,46.8,3.59,1.0,5,30,
OK,Oklahoma,5,May,79.9,57.4,5.57,80.0,56.8,4.93,-0.1,5,30,
OK,Oklahoma,6,Jun,89.6,67.0,4.7,88.7,65.9,4.26,0.9,5,30,
OK,Oklahoma,7,Jul,94.2,70.5,3.45,93.8,70.1,3.2,0.4,5,30,
OK,Oklahoma,8,Aug,94.3,70.0,2.81,92.9,68.8,3.23,1.4,5,30,
OK,Oklahoma,9,Sep,89.3,61.9,1.71,85.1,60.7,3.32,4.2,5,30,
OK,Oklahoma,10,Oct,78.3,51.0,2.9,73.9,48.6,3.36,4.5,5,30,
OK,Oklahoma,11,Nov,64.1,38.9,2.89,61.5,37.4,2.32,2.6,5,30,
OK,Oklahoma,12,Dec,57.3,32.9,1.52,51.3,28.9,2.11,6.0,5,30,
OR,Oregon,1,Jan,41.7,25.9,4.06,41.0,26.1,4.52,0.7,5,30,
OR,Oregon,2,Feb,43.1,25.2,3.41,44.3,26.9,3.4,-1.2,5,30,
OR,Oregon,3,Mar,48.8,28.8,3.53,50.2,29.9,3.61,-1.4,5,30,
OR,Oregon,4,Apr,56.3,32.1,2.28,55.7,33.0,2.89,0.6,5,30,
OR,Oregon,5,May,64.5,39.0,1.94,64.3,39.5,2.37,0.2,5,30,
OR,Oregon,6,Jun,75.2,46.7,1.19,71.7,44.5,1.45,3.5,5,30,
OR,Oregon,7,Jul,85.9,53.7,0.22,82.2,50.9,0.45,3.7,5,30,
OR,Oregon,8,Aug,82.9,52.4,0.51,81.7,50.1,0.47,1.2,5,30,
OR,Oregon,9,Sep,75.1,46.4,1.16,74.1,44.3,0.99,1.0,5,30,
OR,Oregon,10,Oct,62.0,37.8,2.21,60.6,36.4,2.51,1.3,5,30,
OR,Oregon,11,Nov,47.7,30.7,4.05,47.1,30.1,4.24,0.6,5,30,
OR,Oregon,12,Dec,42.3,28.4,5.95,39.7,25.2,5.24,2.6,5,30,
PA,Pennsylvania,1,Jan,35.1,20.9,3.0,34.7,18.5,3.23,0.4,5,30,
PA,Pennsylvania,2,Feb,40.6,21.7,2.88,38.0,19.9,2.6,2.6,5,30,
PA,Pennsylvania,3,Mar,51.6,29.3,2.98,46.9,26.8,3.53,4.7,5,30,
PA,Pennsylvania,4,Apr,61.5,38.1,4.07,60.2,36.6,3.82,1.3,5,30,
PA,Pennsylvania,5,May,70.6,47.0,4.72,70.5,46.6,4.05,0.1,5,30,
PA,Pennsylvania,6,Jun,79.3,56.1,3.9,78.3,55.6,4.43,1.0,5,30,
PA,Pennsylvania,7,Jul,83.7,61.7,4.67,82.3,60.0,4.41,1.4,5,30,
PA,Pennsylvania,8,Aug,80.8,59.1,4.48,80.6,58.4,4.02,0.2,5,30,
PA,Pennsylvania,9,Sep,74.6,53.1,4.03,73.8,51.7,4.3,0.7,5,30,
PA,Pennsylvania,10,Oct,64.3,42.1,3.18,62.1,40.7,3.86,2.3,5,30,
PA,Pennsylvania,11,Nov,50.7,31.6,2.62,49.8,31.7,3.29,1.0,5,30,
PA,Pennsylvania,12,Dec,40.8,25.0,3.29,39.2,24.1,3.5,1.6,5,30,
RI,Rhode Island,1,Jan,39.0,23.4,4.49,37.5,20.7,3.94,1.4,5,30,
RI,Rhode Island,2,Feb,41.0,23.7,3.33,39.6,21.9,3.45,1.3,5,30,
RI,Rhode Island,3,Mar,50.6,31.5,4.86,46.7,28.6,4.81,3.9,5,30,
RI,Rhode Island,4,Apr,59.0,39.2,3.74,57.8,37.6,4.42,1.3,5,30,
RI,Rhode Island,5,May,68.6,48.5,5.14,67.9,47.2,3.55,0.7,5,30,
RI,Rhode Island,6,Jun,77.4,58.0,3.2,76.4,56.6,3.96,1.0,5,30,
RI,Rhode Island,7,Jul,82.4,65.1,4.82,81.8,62.8,3.37,0.6,5,30,
RI,Rhode Island,8,Aug,80.7,62.0,3.89,80.6,61.5,3.86,0.1,5,30,
RI,Rhode Island,9,Sep,74.0,55.7,5.49,73.8,54.2,4.08,0.2,5,30,
RI,Rhode Island,10,Oct,65.3,46.2,4.33,62.8,43.5,4.75,2.5,5,30,
RI,Rhode Island,11,Nov,53.7,34.2,2.6,52.3,34.6,4.14,1.4,5,30,
RI,Rhode Island,12,Dec,43.9,27.4,5.17,42.7,26.4,4.77,1.1,5,30,
SC,South Carolina,1,Jan,56.3,34.1,4.26,56.4,34.3,3.8,-0.1,5,30,
SC,South Carolina,2,Feb,63.2,39.8,3.45,60.2,36.9,3.51,3.0,5,30,
SC,South Carolina,3,Mar,70.0,45.1,3.86,67.3,42.8,3.92,2.7,5,30,
SC,South Carolina,4,Apr,76.5,50.9,3.23,75.6,50.1,3.38,0.9,5,30,
SC,South Carolina,5,May,81.7,59.5,4.23,82.5,58.7,3.54,-0.8,5,30,
SC,South Carolina,6,Jun,88.1,67.0,4.58,88.3,66.9,4.82,-0.3,5,30,
SC,South Carolina,7,Jul,91.1,71.7,6.01,91.3,70.4,4.93,-0.2,5,30,
SC,South Carolina,8,Aug,88.3,70.1,6.77,89.5,69.5,5.21,-1.3,5,30,
SC,South Carolina,9,Sep,84.2,63.4,3.71,84.5,63.9,4.47,-0.3,5,30,
SC,South Carolina,10,Oct,75.5,52.2,2.39,75.7,52.4,3.57,-0.2,5,30,
SC,South Carolina,11,Nov,67.6,43.6,2.09,66.1,41.9,3.19,1.5,5,30,
SC,South Carolina,12,Dec,60.0,37.8,3.53,58.7,36.6,3.92,1.3,5,30,
SD,South Dakota,1,Jan,29.5,9.9,0.38,28.6,8.2,0.47,0.8,5,30,
SD,South Dakota,2,Feb,32.0,8.9,0.41,32.8,11.5,0.63,-0.8,5,30,
SD,South Dakota,3,Mar,46.4,21.6,0.86,44.7,21.9,1.03,1.8,5,30,
SD,South Dakota,4,Apr,56.2,30.5,2.28,57.0,32.0,2.17,-0.8,5,30,
SD,South Dakota,5,May,69.9,44.1,3.09,68.3,43.5,3.32,1.6,5,30,
SD,South Dakota,6,Jun,82.0,55.5,3.05,78.6,54.1,3.54,3.4,5,30,
SD,South Dakota,7,Jul,86.4,60.1,2.68,85.6,59.7,2.82,0.8,5,30,
SD,South Dakota,8,Aug,85.0,58.6,2.75,83.8,57.4,2.32,1.2,5,30,
SD,South Dakota,9,Sep,80.2,51.1,1.59,75.2,47.8,1.91,5.0,5,30,
SD,South Dakota,10,Oct,63.9,37.6,1.62,59.6,34.7,1.79,4.2,5,30,
SD,South Dakota,11,Nov,46.9,23.5,0.58,44.1,22.1,0.68,2.8,5,30,
SD,South Dakota,12,Dec,35.0,14.0,0.84,31.9,12.1,0.56,3.1,5,30,
TN,Tennessee,1,Jan,46.9,28.1,5.13,47.4,28.4,4.62,-0.5,5,30,
TN,Tennessee,2,Feb,54.5,33.0,5.74,52.0,31.6,4.88,2.5,5,30,
TN,Tennessee,3,Mar,64.5,40.2,5.95,60.8,38.2,5.27,3.7,5,30,
TN,Tennessee,4,Apr,70.7,46.6,4.53,70.7,45.9,5.1,0.0,5,30,
TN,Tennessee,5,May,77.5,56.4,5.56,78.1,55.3,4.89,-0.6,5,30,
TN,Tennessee,6,Jun,85.7,63.6,3.9,85.0,63.3,4.73,0.7,5,30,
TN,Tennessee,7,Jul,88.6,68.6,4.88,87.9,67.1,4.7,0.7,5,30,
TN,Tennessee,8,Aug,86.9,65.8,4.37,87.4,65.5,3.84,-0.5,5,30,
TN,Tennessee,9,Sep,82.0,59.1,4.1,82.0,58.8,3.86,-0.0,5,30,
TN,Tennessee,10,Oct,73.1,48.2,2.56,71.6,47.0,3.6,1.5,5,30,
TN,Tennessee,11,Nov,61.5,38.4,2.72,59.8,36.9,4.21,1.7,5,30,
TN,Tennessee,12,Dec,53.8,34.1,4.34,50.4,31.4,5.42,3.4,5,30,
TX,Texas,1,Jan,58.9,33.8,1.68,59.5,34.8,1.72,-0.6,5,30,
TX,Texas,2,Feb,63.0,36.9,1.11,63.9,38.7,1.62,-0.9,5,30,
TX,Texas,3,Mar,73.6,46.5,1.46,71.2,45.8,2.12,2.5,5,30,
TX,Texas,4,Apr,79.6,53.9,2.42,78.7,52.3,2.15,0.8,5,30,
TX,Texas,5,May,86.8,63.1,4.33,85.7,61.4,3.28,1.1,5,30,
TX,Texas,6,Jun,93.8,70.5,2.89,92.3,68.7,3.12,1.6,5,30,
TX,Texas,7,Jul,95.4,72.3,2.75,94.6,71.3,2.36,0.7,5,30,
TX,Texas,8,Aug,96.4,72.3,2.26,94.6,70.6,2.52,1.8,5,30,
TX,Texas,9,Sep,91.3,66.1,1.88,88.2,64.4,3.06,3.1,5,30,
TX,Texas,10,Oct,83.1,56.5,2.05,79.5,54.1,2.84,3.6,5,30,
TX,Texas,11,Nov,70.5,45.8,1.89,68.4,43.6,1.96,2.0,5,30,
TX,Texas,12,Dec,66.1,41.4,1.16,60.4,36.2,1.86,5.8,5,30,
UT,Utah,1,Jan,38.2,17.5,1.1,38.2,17.8,1.24,0.0,5,30,
UT,Utah,2,Feb,42.9,20.4,1.1,43.1,21.3,1.22,-0.2,5,30,
UT,Utah,3,Mar,49.7,26.6,1.67,52.6,28.2,1.24,-2.8,5,30,
UT,Utah,4,Apr,60.6,33.0,0.73,59.5,33.5,1.25,1.1,5,30,
UT,Utah,5,May,70.6,42.0,0.72,69.6,42.1,1.28,1.1,5,30,
UT,Utah,6,Jun,83.8,53.2,0.48,81.1,50.8,0.66,2.7,5,30,
UT,Utah,7,Jul,90.5,60.2,0.73,88.2,58.4,0.89,2.4,5,30,
UT,Utah,8,Aug,86.0,57.6,1.73,85.6,56.6,1.09,0.4,5,30,
UT,Utah,9,Sep,79.2,50.1,0.88,76.7,47.8,1.17,2.5,5,30,
UT,Utah,10,Oct,64.4,38.0,1.4,62.9,36.4,1.32,1.5,5,30,
UT,Utah,11,Nov,50.2,26.9,0.84,48.8,25.7,0.98,1.4,5,30,
UT,Utah,12,Dec,43.1,22.5,1.23,38.1,17.7,1.18,5.0,5,30,
VA,Virginia,1,Jan,45.5,26.5,3.72,45.6,26.1,3.4,-0.0,5,30,
VA,Virginia,2,Feb,51.8,30.7,3.81,49.2,28.2,2.88,2.6,5,30,
VA,Virginia,3,Mar,61.6,36.6,3.18,57.2,34.3,3.89,4.4,5,30,
VA,Virginia,4,Apr,69.7,44.5,3.09,68.0,43.2,3.66,1.7,5,30,
VA,Virginia,5,May,75.0,52.8,4.72,75.4,52.2,4.28,-0.3,5,30,
VA,Virginia,6,Jun,83.4,60.7,3.37,82.6,60.8,4.41,0.8,5,30,
VA,Virginia,7,Jul,87.4,66.8,5.51,86.3,65.2,4.53,1.1,5,30,
VA,Virginia,8,Aug,84.4,64.1,4.41,84.6,63.8,4.09,-0.2,5,30,
VA,Virginia,9,Sep,78.7,57.5,4.19,78.6,57.2,4.38,0.1,5,30,
VA,Virginia,10,Oct,69.7,46.3,2.1,68.6,45.4,3.48,1.1,5,30,
VA,Virginia,11,Nov,59.4,35.8,2.13,57.9,35.4,3.23,1.5,5,30,
VA,Virginia,12,Dec,50.6,29.8,3.11,48.8,29.3,3.59,1.7,5,30,
VT,Vermont,1,Jan,27.9,12.1,2.65,26.8,7.9,3.12,1.1,5,30,
VT,Vermont,2,Feb,31.8,11.2,2.37,29.9,9.3,2.65,1.9,5,30,
VT,Vermont,3,Mar,42.1,21.6,3.5,38.5,18.2,3.15,3.5,5,30,
VT,Vermont,4,Apr,54.1,31.7,4.0,52.1,30.0,3.63,2.0,5,30,
VT,Vermont,5,May,66.9,42.5,3.78,65.4,41.3,3.98,1.5,5,30,
VT,Vermont,6,Jun,75.0,52.1,4.18,73.6,50.5,4.7,1.4,5,30,
VT,Vermont,7,Jul,79.3,57.4,6.11,78.0,55.6,4.65,1.3,5,30,
VT,Vermont,8,Aug,77.2,55.4,4.06,76.2,54.0,4.37,0.9,5,30,
VT,Vermont,9,Sep,70.8,48.1,3.56,69.0,46.6,3.91,1.8,5,30,
VT,Vermont,10,Oct,60.1,38.8,3.92,55.9,36.3,4.63,4.2,5,30,
VT,Vermont,11,Nov,44.2,26.9,3.16,43.3,26.5,3.49,0.9,5,30,
VT,Vermont,12,Dec,33.9,17.7,4.14,32.3,15.8,3.75,1.6,5,30,
WA,Washington,1,Jan,37.7,26.3,5.51,37.4,26.3,6.22,0.3,5,30,
WA,Washington,2,Feb,39.8,25.9,4.22,41.9,27.2,4.27,-2.1,5,30,
WA,Washington,3,Mar,49.2,30.8,3.59,48.7,30.7,4.65,0.5,5,30,
WA,Washington,4,Apr,55.4,33.8,2.77,55.8,35.0,3.31,-0.3,5,30,
WA,Washington,5,May,64.2,41.4,2.03,64.2,41.5,2.47,-0.1,5,30,
WA,Washington,6,Jun,72.8,48.3,1.68,69.9,46.7,1.93,3.0,5,30,
WA,Washington,7,Jul,82.5,54.4,0.3,78.7,52.1,0.81,3.7,5,30,
WA,Washington,8,Aug,80.4,54.3,0.87,78.7,51.9,0.88,1.7,5,30,
WA,Washington,9,Sep,72.8,48.5,1.55,70.8,46.1,1.72,2.0,5,30,
WA,Washington,10,Oct,59.0,38.8,3.73,56.9,37.6,4.13,2.0,5,30,
WA,Washington,11,Nov,43.9,31.4,6.82,43.8,30.7,6.39,0.1,5,30,
WA,Washington,12,Dec,38.0,27.7,7.82,36.5,25.8,6.4,1.5,5,30,
WI,Wisconsin,1,Jan,25.0,10.1,0.9,23.8,6.7,1.21,1.2,5,30,
WI,Wisconsin,2,Feb,29.4,8.8,1.04,28.8,9.5,1.14,0.7,5,30,
WI,Wisconsin,3,Mar,43.6,22.7,2.7,40.7,20.4,1.82,2.9,5,30,
WI,Wisconsin,4,Apr,53.6,32.6,3.33,54.3,31.9,3.2,-0.7,5,30,
WI,Wisconsin,5,May,68.3,44.3,3.31,67.2,43.6,3.93,1.1,5,30,
WI,Wisconsin,6,Jun,78.3,55.0,4.37,76.4,53.7,4.7,2.0,5,30,
WI,Wisconsin,7,Jul,80.6,58.2,4.13,80.4,58.1,4.04,0.3,5,30,
WI,Wisconsin,8,Aug,78.6,56.9,4.15,78.2,56.2,3.9,0.3,5,30,
WI,Wisconsin,9,Sep,73.6,50.8,2.43,70.6,48.4,3.59,3.0,5,30,
WI,Wisconsin,10,Oct,61.6,39.9,2.07,57.0,36.6,3.01,4.6,5,30,
WI,Wisconsin,11,Nov,44.1,26.7,1.92,41.5,25.3,1.99,2.6,5,30,
WI,Wisconsin,12,Dec,30.9,16.1,1.64,29.0,13.8,1.52,1.9,5,30,
WV,West Virginia,1,Jan,39.3,22.8,3.72,40.3,22.5,3.52,-1.0,5,30,
WV,West Virginia,2,Feb,47.5,26.5,4.14,44.3,24.8,3.22,3.2,5,30,
WV,West Virginia,3,Mar,58.3,32.6,2.92,53.0,31.2,4.14,5.3,5,30,
WV,West Virginia,4,Apr,66.3,40.4,3.76,65.4,39.8,4.0,0.9,5,30,
WV,West Virginia,5,May,73.1,49.1,4.77,73.4,48.8,4.88,-0.3,5,30,
WV,West Virginia,6,Jun,80.9,56.8,4.12,80.1,57.2,4.69,0.8,5,30,
WV,West Virginia,7,Jul,84.6,62.8,4.75,83.2,61.4,4.99,1.4,5,30,
WV,West Virginia,8,Aug,82.7,60.7,4.25,82.1,60.4,3.92,0.6,5,30,
WV,West Virginia,9,Sep,77.0,54.0,3.44,76.5,53.6,3.68,0.5,5,30,
WV,West Virginia,10,Oct,67.2,42.7,2.51,65.7,42.2,3.21,1.5,5,30,
WV,West Virginia,11,Nov,55.0,32.8,2.73,54.0,32.5,3.06,1.0,5,30,
WV,West Virginia,12,Dec,47.0,27.4,2.76,44.1,26.4,3.76,2.9,5,30,
WY,Wyoming,1,Jan,31.4,9.6,0.93,32.4,11.1,0.96,-1.0,5,30,
WY,Wyoming,2,Feb,32.9,10.3,1.13,34.9,12.5,0.99,-2.0,5,30,
WY,Wyoming,3,Mar,43.2,18.7,1.32,44.8,20.6,1.22,-1.6,5,30,
WY,Wyoming,4,Apr,51.5,25.1,1.51,52.4,27.0,1.8,-0.9,5,30,
WY,Wyoming,5,May,62.4,35.9,2.14,62.0,36.0,2.41,0.3,5,30,
WY,Wyoming,6,Jun,75.8,45.8,1.53,73.2,44.1,1.72,2.6,5,30,
WY,Wyoming,7,Jul,83.9,51.9,1.04,82.1,50.9,1.19,1.8,5,30,
WY,Wyoming,8,Aug,80.8,50.2,1.36,80.3,49.0,1.0,0.5,5,30,
WY,Wyoming,9,Sep,74.4,43.0,1.14,70.3,40.4,1.26,4.1,5,30,
WY,Wyoming,10,Oct,58.4,31.6,1.57,55.7,29.5,1.4,2.8,5,30,
WY,Wyoming,11,Nov,44.2,20.8,0.74,41.8,19.2,1.03,2.4,5,30,
WY,Wyoming,12,Dec,37.6,16.2,1.12,32.2,11.3,1.03,5.3,5,30,
