"Region","ASOS"
"Kansas",100
"District of Columbia",19
"New York",14
"Maryland",11
"New Jersey",11
"Wyoming",11
"California",9
"Georgia",9
"Illinois",9
"Massachusetts",9
"Utah",8
"Virginia",8
"Connecticut",7
"Delaware",7
"Florida",7
"Louisiana",7
"North Carolina",7
"Pennsylvania",7
"Rhode Island",7
"Texas",7
"Washington",7
"Alabama",6
"Arizona",6
"Colorado",6
"Michigan",6
"Minnesota",6
"Mississippi",6
"Nevada",6
"Oregon",6
"South Carolina",6
"Tennessee",6
"Vermont",6
"Alaska",5
"Arkansas",5
"Hawaii",5
"Idaho",5
"Maine",5
"Missouri",5
"Nebraska",5
"New Hampshire",5
"Ohio",5
"Oklahoma",5
"Iowa",4
"Indiana",4
"Kentucky",4
"Montana",4
"North Dakota",4
"New Mexico",4
"South Dakota",4
"Wisconsin",4
"West Virginia",3