"Region","Zara"
"New York",100
"District of Columbia",91
"New Jersey",79
"California",63
"Massachusetts",57
"Florida",55
"Connecticut",52
"Illinois",52
"Maryland",52
"Nevada",49
"Texas",45
"Georgia",43
"Rhode Island",42
"Virginia",41
"Hawaii",38
"Washington",38
"Louisiana",37
"Pennsylvania",36
"Arizona",34
"North Carolina",34
"Utah",34
"Wyoming",33
"Delaware",32
"Michigan",30
"Oregon",30
"Colorado",29
"South Carolina",29
"Tennessee",29
"Ohio",28
"Minnesota",26
"Alabama",25
"Kansas",24
"New Hampshire",23
"Indiana",22
"Vermont",22
"Missouri",21
"Mississippi",21
"Arkansas",20
"Maine",20
"Oklahoma",20
"Wisconsin",20
"Alaska",19
"Idaho",19
"Kentucky",19
"Nebraska",18
"New Mexico",18
"Iowa",16
"Montana",16
"North Dakota",15
"South Dakota",15
"West Virginia",14