"Region","Supreme"
"New York",100
"Illinois",99
"California",72
"Hawaii",60
"New Jersey",59
"Rhode Island",58
"Nevada",54
"Connecticut",51
"Maryland",50
"Georgia",45
"New Mexico",42
"District of Columbia",40
"Indiana",40
"Virginia",40
"Michigan",39
"Mississippi",38
"Utah",38
"Massachusetts",37
"Washington",37
"Oregon",36
"Tennessee",36
"Delaware",35
"Arizona",34
"Nebraska",34
"Pennsylvania",34
"Alaska",33
"Florida",33
"Colorado",32
"Alabama",31
"Louisiana",31
"North Carolina",31
"Wisconsin",31
"New Hampshire",30
"Texas",29
"Wyoming",29
"Arkansas",28
"Kansas",26
"Minnesota",26
"Montana",26
"Ohio",26
"Maine",25
"South Carolina",24
"West Virginia",24
"Missouri",23
"Idaho",22
"Kentucky",22
"Oklahoma",21
"Iowa",15