"Region","Uniqlo"
"District of Columbia",100
"Hawaii",85
"New York",76
"California",68
"Washington",55
"Massachusetts",54
"New Jersey",52
"Maryland",45
"Illinois",40
"Virginia",38
"Pennsylvania",32
"Wyoming",31
"Connecticut",29
"Delaware",29
"Nevada",29
"Oregon",29
"Rhode Island",29
"Texas",27
"Florida",25
"Vermont",23
"Georgia",21
"Colorado",20
"Minnesota",20
"Utah",20
"Arizona",19
"New Hampshire",19
"Alaska",18
"Kansas",17
"Michigan",17
"North Carolina",17
"Maine",16
"Indiana",15
"New Mexico",15
"Wisconsin",14
"Ohio",13
"Iowa",12
"Missouri",12
"Tennessee",12
"Arkansas",11
"Idaho",11
"Nebraska",11
"Oklahoma",11
"Louisiana",10
"Montana",10
"North Dakota",10
"South Carolina",10
"Alabama",9
"Kentucky",9
"South Dakota",9
"West Virginia",8
"Mississippi",7