"Region","PUMA"
"District of Columbia",100
"Georgia",90
"Mississippi",86
"New York",85
"Louisiana",81
"Alabama",76
"Wyoming",76
"Maryland",75
"California",73
"Florida",73
"Kansas",72
"New Jersey",71
"South Carolina",70
"Texas",70
"Illinois",69
"Nevada",69
"Massachusetts",67
"Virginia",67
"North Carolina",65
"Utah",63
"Delaware",62
"Arizona",60
"Connecticut",58
"Pennsylvania",56
"Arkansas",55
"Tennessee",55
"Indiana",53
"Michigan",53
"Missouri",53
"Washington",53
"Rhode Island",51
"Oregon",49
"Wisconsin",49
"Kentucky",48
"Minnesota",47
"Colorado",46
"Oklahoma",46
"Ohio",45
"Iowa",44
"Nebraska",41
"Hawaii",40
"New Hampshire",40
"New Mexico",40
"Vermont",39
"North Dakota",38
"Idaho",37
"South Dakota",35
"West Virginia",35
"Alaska",34
"Maine",34
"Montana",34