"Region","Scuffers"
"Utah",100
"Vermont",68
"Idaho",64
"Hawaii",60
"Washington",57
"California",50
"Montana",48
"Connecticut",46
"Nebraska",46
"Massachusetts",44
"Minnesota",44
"Oregon",42
"Arizona",41
"Maine",41
"New Jersey",40
"Colorado",38
"Rhode Island",38
"New Hampshire",37
"New York",35
"Wisconsin",35
"Nevada",34
"Pennsylvania",32
"Illinois",31
"West Virginia",31
"Indiana",30
"Virginia",30
"Michigan",29
"Tennessee",29
"Iowa",27
"Florida",26
"South Carolina",26
"Georgia",25
"Ohio",25
"Oklahoma",25
"Arkansas",24
"Maryland",24
"Missouri",24
"New Mexico",24
"Texas",24
"Kentucky",21
"North Carolina",20
"Alabama",17
"Kansas",15
"Mississippi",15
"Louisiana",9