"Region","adidas"
"Kansas",100
"District of Columbia",84
"Wyoming",81
"New York",80
"California",76
"Oregon",69
"New Jersey",68
"Illinois",64
"Nebraska",64
"Georgia",62
"Maryland",62
"Nevada",62
"Texas",62
"Florida",61
"Massachusetts",58
"Delaware",56
"Utah",56
"Washington",56
"Arizona",55
"South Carolina",55
"Connecticut",54
"North Carolina",53
"Virginia",53
"Louisiana",52
"Colorado",50
"Hawaii",50
"Indiana",50
"Missouri",50
"Pennsylvania",50
"Iowa",49
"Rhode Island",49
"Tennessee",48
"Oklahoma",47
"Kentucky",46
"Michigan",46
"Ohio",46
"Alabama",45
"Arkansas",45
"Idaho",45
"Mississippi",45
"Wisconsin",44
"New Mexico",43
"South Dakota",41
"Minnesota",39
"New Hampshire",39
"West Virginia",36
"Maine",35
"North Dakota",35
"Vermont",34
"Alaska",33
"Montana",32