"Region","Carhartt"
"Maine",100
"Michigan",95
"Mississippi",94
"Tennessee",85
"Vermont",81
"Oregon",80
"Alaska",79
"West Virginia",78
"Idaho",77
"Kentucky",77
"Iowa",76
"Montana",76
"Alabama",74
"New Hampshire",73
"Wisconsin",73
"Indiana",71
"Ohio",70
"South Carolina",68
"Minnesota",67
"Nebraska",67
"Arkansas",66
"Illinois",66
"North Carolina",66
"New York",65
"Pennsylvania",65
"Missouri",63
"Delaware",62
"North Dakota",62
"Washington",62
"South Dakota",61
"Wyoming",60
"Georgia",58
"Virginia",57
"Kansas",55
"Massachusetts",55
"Maryland",55
"Connecticut",54
"New Jersey",54
"Utah",54
"Rhode Island",52
"Louisiana",50
"New Mexico",50
"Oklahoma",50
"Colorado",48
"California",43
"District of Columbia",40
"Texas",40
"Nevada",39
"Arizona",34
"Florida",23
"Hawaii",20