"Region","Nike"
"Kansas",100
"Oregon",82
"District of Columbia",75
"Mississippi",73
"New Jersey",72
"New York",72
"Georgia",71
"Kentucky",71
"California",69
"Maryland",68
"Illinois",67
"Alabama",66
"Louisiana",65
"Texas",64
"Nebraska",63
"Tennessee",63
"Nevada",62
"Pennsylvania",62
"Delaware",61
"Wyoming",61
"Iowa",60
"Indiana",60
"Michigan",60
"Virginia",60
"Connecticut",59
"Florida",59
"Missouri",59
"Ohio",59
"South Carolina",59
"Oklahoma",58
"Arkansas",57
"North Carolina",57
"Utah",57
"Washington",57
"Minnesota",56
"Arizona",55
"Massachusetts",55
"New Mexico",54
"Rhode Island",53
"Colorado",52
"Wisconsin",52
"Hawaii",51
"West Virginia",51
"North Dakota",50
"South Dakota",50
"Idaho",45
"Alaska",42
"New Hampshire",39
"Montana",38
"Maine",36
"Vermont",34