"Region","COS"
"District of Columbia",100
"New York",66
"California",61
"New Jersey",50
"Washington",47
"Massachusetts",41
"Illinois",35
"Maryland",34
"Oregon",34
"Connecticut",33
"Virginia",33
"Georgia",30
"Colorado",27
"Nevada",26
"Texas",26
"Minnesota",25
"Florida",24
"New Hampshire",24
"Pennsylvania",24
"Hawaii",23
"Utah",23
"Wyoming",22
"Arizona",21
"North Carolina",21
"Rhode Island",21
"Montana",20
"Delaware",19
"Maine",19
"New Mexico",19
"Tennessee",19
"Michigan",18
"Vermont",18
"Ohio",17
"Idaho",16
"Oklahoma",16
"South Carolina",16
"Alabama",15
"Arkansas",15
"Indiana",15
"Missouri",15
"Wisconsin",15
"Kansas",14
"Mississippi",13
"North Dakota",13
"Iowa",12
"Kentucky",12
"Louisiana",12
"Nebraska",12
"West Virginia",7