"Region","Hellstar"
"Mississippi",100
"Delaware",92
"Georgia",92
"Florida",80
"South Carolina",76
"California",74
"Nevada",73
"Alabama",71
"Maryland",69
"Rhode Island",69
"New York",65
"Connecticut",61
"Arkansas",60
"Illinois",58
"North Carolina",57
"Louisiana",56
"New Jersey",56
"Arizona",55
"District of Columbia",55
"Texas",55
"Indiana",54
"Virginia",54
"Wyoming",52
"Tennessee",51
"Michigan",50
"Pennsylvania",50
"Massachusetts",47
"Ohio",47
"Kentucky",46
"Nebraska",46
"New Mexico",44
"Missouri",43
"Minnesota",40
"Kansas",39
"Wisconsin",38
"Oklahoma",37
"West Virginia",35
"Oregon",32
"Hawaii",31
"Colorado",30
"Washington",30
"Iowa",29
"Alaska",27
"South Dakota",27
"New Hampshire",26
"Utah",24
"Idaho",20
"North Dakota",20
"Maine",17
"Vermont",12
"Montana",11