"Region","New Balance"
"Massachusetts",100
"Maryland",97
"New Jersey",93
"California",92
"New York",92
"District of Columbia",88
"Delaware",83
"Illinois",83
"Texas",83
"Rhode Island",82
"Georgia",81
"Wyoming",81
"Louisiana",80
"Connecticut",79
"Mississippi",76
"Alabama",75
"Kentucky",75
"Tennessee",75
"Arizona",74
"Virginia",74
"Kansas",73
"Pennsylvania",73
"North Carolina",72
"Oklahoma",71
"Nevada",70
"Arkansas",69
"Florida",69
"Nebraska",67
"South Carolina",67
"Indiana",65
"Ohio",64
"Maine",63
"Michigan",63
"Missouri",63
"Hawaii",62
"Iowa",62
"New Hampshire",60
"Utah",60
"New Mexico",58
"Washington",57
"Minnesota",56
"Wisconsin",56
"Oregon",53
"Colorado",52
"West Virginia",52
"Idaho",44
"North Dakota",42
"South Dakota",42
"Vermont",38
"Alaska",34
"Montana",28