"Region","Kith"
"New York",100
"Hawaii",76
"District of Columbia",53
"New Jersey",52
"Illinois",39
"California",38
"Connecticut",31
"Maryland",30
"Florida",27
"Rhode Island",26
"Massachusetts",22
"Nevada",22
"Delaware",20
"Pennsylvania",20
"Georgia",19
"Michigan",19
"Texas",19
"Virginia",19
"Washington",16
"Arizona",15
"North Carolina",14
"Oregon",14
"Utah",14
"Tennessee",13
"Colorado",12
"Kansas",12
"Indiana",11
"Louisiana",11
"Minnesota",11
"Missouri",11
"New Mexico",11
"Ohio",11
"South Carolina",11
"Wisconsin",11
"Alaska",10
"Vermont",10
"Alabama",9
"Maine",9
"Mississippi",9
"New Hampshire",9
"Oklahoma",9
"Arkansas",8
"Idaho",8
"Kentucky",8
"Nebraska",8
"Wyoming",8
"West Virginia",7
"Iowa",6
"North Dakota",6
"Montana",5