"Region","Bershka"
"Kansas",100
"New York",64
"California",62
"District of Columbia",60
"Florida",59
"Wyoming",52
"New Jersey",47
"Hawaii",46
"Massachusetts",46
"Maryland",42
"Washington",42
"Connecticut",41
"Utah",40
"Nevada",39
"Texas",39
"Virginia",39
"Arizona",37
"Illinois",37
"Rhode Island",35
"Georgia",34
"Oregon",34
"Vermont",32
"Colorado",31
"Delaware",31
"North Carolina",29
"New Mexico",29
"Indiana",28
"Minnesota",28
"Pennsylvania",28
"Maine",27
"Michigan",27
"Alaska",25
"Idaho",25
"New Hampshire",24
"South Carolina",24
"Ohio",23
"Tennessee",23
"Wisconsin",23
"Arkansas",22
"Louisiana",22
"Nebraska",22
"Iowa",20
"Oklahoma",20
"Missouri",19
"Kentucky",18
"Montana",17
"Alabama",16
"North Dakota",16
"South Dakota",16
"Mississippi",15
"West Virginia",15