file,term,term_type,geo,start_date,end_date,states_with_data,original_file,source
brand-carhartt.csv,Carhartt,brand,US states,2025-09-28,2026-09-28,51,by_region_US_20250928-1800_20260928-1800.csv,"Google Trends, Interest by subregion, web search, past 12 months"
brand-nike.csv,Nike,brand,US states,2025-09-28,2026-09-28,51,by_region_US_20250928-1802_20260928-1802.csv,"Google Trends, Interest by subregion, web search, past 12 months"
brand-adidas.csv,adidas,brand,US states,2025-09-28,2026-09-28,51,by_region_US_20250928-1804_20260928-1804.csv,"Google Trends, Interest by subregion, web search, past 12 months"
brand-puma.csv,PUMA,brand,US states,2025-09-28,2026-09-28,51,by_region_US_20250928-1805_20260928-1805.csv,"Google Trends, Interest by subregion, web search, past 12 months"
brand-cos.csv,COS,brand,US states,2025-09-28,2026-09-28,49,by_region_US_20250928-1806_20260928-1806 (1).csv,"Google Trends, Interest by subregion, web search, past 12 months"
brand-uniqlo.csv,Uniqlo,brand,US states,2025-09-28,2026-09-28,51,by_region_US_20250928-1806_20260928-1806.csv,"Google Trends, Interest by subregion, web search, past 12 months"
brand-bershka.csv,Bershka,brand,US states,2025-09-28,2026-09-28,51,by_region_US_20250928-1807_20260928-1807 (1).csv,"Google Trends, Interest by subregion, web search, past 12 months"
brand-zara.csv,Zara,brand,US states,2025-09-28,2026-09-28,51,by_region_US_20250928-1807_20260928-1807.csv,"Google Trends, Interest by subregion, web search, past 12 months"
brand-supreme.csv,Supreme,brand,US states,2025-09-28,2026-09-28,48,by_region_US_20250928-1809_20260928-1809 (1).csv,"Google Trends, Interest by subregion, web search, past 12 months"
brand-hellstar.csv,Hellstar,brand,US states,2025-09-28,2026-09-28,51,by_region_US_20250928-1809_20260928-1809.csv,"Google Trends, Interest by subregion, web search, past 12 months"
brand-nude-project.csv,NUDE PROJECT,brand,US states,2025-09-28,2026-09-28,32,by_region_US_20250928-1811_20260928-1811 (1).csv,"Google Trends, Interest by subregion, web search, past 12 months"
brand-scuffers.csv,Scuffers,brand,US states,2025-09-28,2026-09-28,45,by_region_US_20250928-1811_20260928-1811.csv,"Google Trends, Interest by subregion, web search, past 12 months"
brand-kith.csv,Kith,brand,US states,2025-09-28,2026-09-28,50,by_region_US_20250928-1812_20260928-1812.csv,"Google Trends, Interest by subregion, web search, past 12 months"
brand-asos.csv,ASOS,brand,US states,2025-09-28,2026-09-28,51,by_region_US_20250928-1817_20260928-1817.csv,"Google Trends, Interest by subregion, web search, past 12 months"
brand-new-balance.csv,New Balance,brand,US states,2025-09-28,2026-09-28,51,by_region_US_20250928-1818_20260928-1818.csv,"Google Trends, Interest by subregion, web search, past 12 months"
