name,style,aliases
Supreme,streetwear,
Kith,streetwear,
Stüssy,streetwear,stussy
Hellstar,streetwear,
Corteiz,streetwear,crtz
Represent,streetwear,
Fear of God,streetwear,essentials;fog
BAPE,streetwear,a bathing ape
Palace,streetwear,
NUDE PROJECT,streetwear,nude
Scuffers,streetwear,
Aimé Leon Dore,streetwear,ald;aime leon dore
Nike,athleisure,
Jordan,athleisure,air jordan
adidas,athleisure,
PUMA,athleisure,
New Balance,athleisure,nb
On,athleisure,on running;on cloud
Hoka,athleisure,
Lululemon,athleisure,
Asics,athleisure,
Uniqlo,minimal,
COS,minimal,
Everlane,minimal,
Muji,minimal,
Arket,minimal,
A.P.C.,minimal,apc
Buck Mason,minimal,
Ralph Lauren,smart,polo
J.Crew,smart,jcrew;j crew
Todd Snyder,smart,
Banana Republic,smart,
Massimo Dutti,smart,
Reiss,smart,
Zara,trend,
Bershka,trend,
ASOS,trend,
H&M,trend,hm;h and m
Pull&Bear,trend,pull and bear
PacSun,trend,pacific sunwear
Levi's,vintage,levis
Vans,vintage,
Converse,vintage,
Dr. Martens,vintage,doc martens;docs
Wrangler,vintage,
Patagonia,vintage,
Carhartt,workwear,wip
Dickies,workwear,
Red Wing,workwear,
Timberland,workwear,timbs
Filson,workwear,
The North Face,workwear,tnf;north face
