id,colors,warmth,formality,fit,lifestyle,flags
hat-mustard-cap,mustard,1,1,,comfort;statement,
hat-grey-beanie,grey,3,1,,comfort,
hat-navy-beanie,navy,3,1,,comfort,
eyewear-rose-aviators,pink,,1,,statement,
eyewear-black-wayfarers,black,,1,,,
eyewear-black-aviators,silver;black,,2,,polished,
eyewear-brown-round,brown,,1,,statement,
eyewear-mirrored-round,black,,1,,statement,
eyewear-tortoiseshell,brown,,2,,polished,
jewelry-leather-watch,black,,2,,polished,
jewelry-gold-chain,gold,,1,,statement,chain
jewelry-leather-bracelet,brown,,1,,,
jewelry-gold-bangle,gold,,2,,polished,
top-teal-tee,teal,1,1,regular,comfort,
top-cobalt-tee,cobalt,1,1,slim,comfort,tight
top-sage-tee,sage,1,1,relaxed,comfort,
top-denim-jacket,denim,2,1,regular,layer,
top-oxblood-overshirt,burgundy,2,2,relaxed,layer;polished,
bottom-folded-jeans,denim;navy,2,2,regular,sturdy,
bottom-light-jeans,denim,2,1,slim,comfort,tight
shoes-chunky-sneakers,white;black,1,1,,comfort,
shoes-work-boots,brown,3,1,,sturdy,
shoes-penny-loafers,brown,1,3,,polished,
