file,slot,name,style_tags,width,height,source_page,license,sample
hat-mustard-cap.jpg,hat,Mustard six-panel cap,streetwear;vintage,800,533,https://www.shopify.com/stock-photos/photos/tan-colored-hat-on-monochrome-background,"Burst (Shopify) license: free commercial use, no attribution required",yes
hat-grey-beanie.jpg,hat,Heather grey beanie,minimal;workwear,800,533,https://www.shopify.com/stock-photos/photos/kids-beanie,"Burst (Shopify) license: free commercial use, no attribution required",yes
hat-navy-beanie.jpg,hat,Navy knit beanie,workwear;minimal,800,533,https://www.shopify.com/stock-photos/photos/childrens-black-beanie,"Burst (Shopify) license: free commercial use, no attribution required",yes
eyewear-rose-aviators.jpg,eyewear,Rose-tint aviators,trend,699,1000,https://www.shopify.com/stock-photos/photos/pink-sunglasses-on-white,"Burst (Shopify) license: free commercial use, no attribution required",yes
eyewear-black-wayfarers.jpg,eyewear,Black wayfarer sunglasses,streetwear;minimal,667,1000,https://www.shopify.com/stock-photos/photos/black-sunglasses-on-pink,"Burst (Shopify) license: free commercial use, no attribution required",yes
eyewear-black-aviators.jpg,eyewear,Classic black aviators,smart,667,1000,https://www.shopify.com/stock-photos/photos/pair-of-silver-framed-sunglasses-on-a-stone-surface,"Burst (Shopify) license: free commercial use, no attribution required",yes
eyewear-brown-round.jpg,eyewear,Brown-lens round sunglasses,vintage,800,533,https://www.shopify.com/stock-photos/photos/black-round-sunglasses-on-top-right-of-yellow-background,"Burst (Shopify) license: free commercial use, no attribution required",yes
eyewear-mirrored-round.jpg,eyewear,Mirrored round sunglasses,trend;vintage,800,533,https://www.shopify.com/stock-photos/photos/black-round-sunglasses-on-top-left-of-blue-background,"Burst (Shopify) license: free commercial use, no attribution required",yes
eyewear-tortoiseshell.jpg,eyewear,Tortoiseshell sunglasses,minimal;smart,667,1000,https://www.shopify.com/stock-photos/photos/tortoise-shell-sunglass-frames-on-a-white-surface,"Burst (Shopify) license: free commercial use, no attribution required",yes
jewelry-leather-watch.jpg,jewelry,Black leather watch,smart;minimal,667,1000,https://www.shopify.com/stock-photos/photos/mens-watch-in-sun,"Burst (Shopify) license: free commercial use, no attribution required",yes
jewelry-gold-chain.jpg,jewelry,Layered gold chain,trend;streetwear,667,1000,https://www.shopify.com/stock-photos/photos/gold-chain-necklace-on-corner,"Burst (Shopify) license: free commercial use, no attribution required",yes
jewelry-leather-bracelet.jpg,jewelry,Leather wrap bracelet,vintage;workwear,800,534,https://www.shopify.com/stock-photos/photos/anchor-bracelet-leather,"Burst (Shopify) license: free commercial use, no attribution required",yes
jewelry-gold-bangle.jpg,jewelry,Thin gold bangle,minimal,800,534,https://www.shopify.com/stock-photos/photos/simple-gold-bracelet,"Burst (Shopify) license: free commercial use, no attribution required",yes
top-teal-tee.jpg,top,Teal tee,athleisure;minimal,800,533,https://www.shopify.com/stock-photos/photos/teal-t-shirt,"Burst (Shopify) license: free commercial use, no attribution required",yes
top-cobalt-tee.jpg,top,Cobalt tee,minimal,800,533,https://www.shopify.com/stock-photos/photos/cobalt-blue-t-shirt,"Burst (Shopify) license: free commercial use, no attribution required",yes
top-sage-tee.jpg,top,Sage tee,minimal,800,533,https://www.shopify.com/stock-photos/photos/grey-t-shirt,"Burst (Shopify) license: free commercial use, no attribution required",yes
top-black-hoodie.jpg,top,Bershka black hoodie,streetwear;minimal,1000,857,,Own photo by David Babafemi of his own clothes,no
top-pink-sweater.jpg,top,Nude Project pink sweater,streetwear;trend,1000,854,,Own photo by David Babafemi of his own clothes,no
top-brown-leather-jacket.jpg,top,Bershka brown leather jacket,trend;vintage,1000,824,,Own photo by David Babafemi of his own clothes,no
top-carhartt-jacket.jpg,top,Carhartt work jacket,workwear;vintage,1000,739,,Own photo by David Babafemi of his own clothes,no
mood-folded-stack.jpg,mood,Folded essentials,minimal,800,533,https://www.shopify.com/stock-photos/photos/folded-clothes,"Burst (Shopify) license: free commercial use, no attribution required",yes
mood-black-tees.jpg,mood,Black essential tees,minimal;streetwear,800,533,https://www.shopify.com/stock-photos/photos/clothes-hangers-on-a-rail,"Burst (Shopify) license: free commercial use, no attribution required",yes
mood-black-overshirts.jpg,mood,Black overshirts,workwear;smart,800,533,https://www.shopify.com/stock-photos/photos/fine-wooden-hangers-display-dark-clothes,"Burst (Shopify) license: free commercial use, no attribution required",yes
bottom-blue-baggy-jeans.jpg,bottom,Bershka blue baggy jeans,streetwear;vintage,697,1000,,Own photo by David Babafemi of his own clothes,no
mood-denim-rack.jpg,mood,Vintage denim rack,vintage,800,533,https://www.shopify.com/stock-photos/photos/urban-vintage-denimn-on-hangers,"Burst (Shopify) license: free commercial use, no attribution required",yes
bottom-star-patch-jeans.jpg,bottom,Zara star-patch jeans,streetwear;trend,806,1000,,Own photo by David Babafemi of his own clothes,no
bottom-pinstripe-trousers.jpg,bottom,Banana Republic pinstripe dress pants,smart;vintage,743,1000,,Own photo by David Babafemi of his own clothes,no
shoes-chunky-sneakers.jpg,shoes,Chunky black-and-white sneakers,streetwear;athleisure,800,533,https://www.shopify.com/stock-photos/photos/fashionable-black-and-white-sneakers,"Burst (Shopify) license: free commercial use, no attribution required",yes
shoes-chunky-sneakers-studio.jpg,mood,"Chunky sneakers, studio shot",streetwear;trend,667,1000,https://www.shopify.com/stock-photos/photos/black-and-white-sneakers-against-purple-and-white,"Burst (Shopify) license: free commercial use, no attribution required",yes
shoes-work-boots.jpg,shoes,Steel-toe work boots,workwear,800,533,https://www.shopify.com/stock-photos/photos/steel-toed-boots,"Burst (Shopify) license: free commercial use, no attribution required",yes
shoes-penny-loafers.jpg,shoes,Leather penny loafers,smart;minimal,800,572,https://www.shopify.com/stock-photos/photos/loafers-leaning-along-white-wall,"Burst (Shopify) license: free commercial use, no attribution required",yes
